﻿<?xml version="1.0"?>
<doc>
<assembly>
<name>
GetNodeAtr
</name>
</assembly>
<members>
<member name="M:GetNodeAtr.frmMain.ShisyaGonyu(System.Double,System.Int32)">
=======================================================
<summary>指定した精度に四捨五入。</summary>
	<param name="dValue">四捨五入する数値(double)</param>
	<param name="iDigits">桁数(integer)</param>
	<returns>四捨五入された数値</returns>
=======================================================

</member><member name="P:GetNodeAtr.My.Resources.Resources.ResourceManager">
	<summary>
  このクラスで使用されているキャッシュされた ResourceManager インスタンスを返します。
</summary>
</member><member name="P:GetNodeAtr.My.Resources.Resources.Culture">
	<summary>
  厳密に型指定されたこのリソース クラスを使用して、すべての検索リソースに対し、
  現在のスレッドの CurrentUICulture プロパティをオーバーライドします。
</summary>
</member><member name="T:GetNodeAtr.My.Resources.Resources">
	<summary>
  ローカライズされた文字列などを検索するための、厳密に型指定されたリソース クラスです。
</summary>
</member><member name="P:GetNodeAtr.My.ThisAddIn.IDs.GetNodeAtr">
	<summary>
Returns '琉球国際航業_GetNodeAtr_GetNodeAtr', the id declared for Add-in Button class 'GetNodeAtr'
</summary>
</member><member name="T:GetNodeAtr.My.ThisAddIn.IDs">
	<summary>
A class for looking up Add-in id strings declared in the associated configuration xml file (.esriaddinx).
</summary>
</member><member name="T:GetNodeAtr.My.ThisAddIn">
	<summary>
A class for looking up declarative information in the associated configuration xml file (.esriaddinx).
</summary>
</member><member name="M:GetNodeAtr.My.Internal.AddInStartupObject.GetThis">
	<summary>
 Expose this instance of Add-in class externally
 </summary>
</member>
</members>
</doc>